0,1,2,3,4,5,6,7,8,9,10,11,12,13,14,15,16,17,18,19,20,21,22,23,24,25,26,27,28,29,30,31,32,33,34,35,36,37,38,39,40,41,42,43,44,45,46,47,48,49,50,51,52,53,54,55,56,57,58,59,60,61,62,63,64,65,66,67,68
8.885159116886243,0.0,175.30919881305638,0.0,0.0,0.0,0.0,54.672589302239494,0.0,0.0,55.84045368620038,0.0,0.0,4.016971048587786,41.175913019236134,183.47577639751552,80.37986394557824,215.30320699708454,0.0,0.0,0.0,38.243915069911964,12.298430409259336,28.2513389441469,0.0,0.0,88.89437255492025,0.0,0.0,42.95419514323106,0.0,291.0305418719212,0.0,0.0,26.605061695037378,9.682892450912906,0.0,0.0,0.0,141.2702056432329,0.0,288.47265625,0.0,159.5010799136069,0.0,43.879382055852645,114.85069984447901,0.0,0.0,158.30439442658093,130.9960088691796,22.877633209417596,284.5818882466281,0.0,79.60010778765832,13.423429973643552,53.86506199854121,35.849029126213594,0.0,0.0,0.0,0.0,0.0,0.0,202.32602739726028,42.879372913340106,277.3671361502347,0.0,0.0
0.0,281.86641221374043,47.51423516165353,0.0,0.0,0.0,0.0,284.0346153846154,0.0,0.0,230.05919003115264,0.0,0.0,0.0,108.40220183486238,0.0,0.0,0.0,0.0,0.0,0.0,0.0,0.0,0.0,0.0,0.0,221.10479041916167,0.0,0.0,0.0,0.0,0.0,0.0,0.0,0.0,0.0,0.0,0.0,0.0,254.65172413793104,0.0,0.0,0.0,0.0,0.0,0.0,0.0,0.0,0.0,279.20226843100187,0.0,0.0,0.0,0.0,121.86303630363037,204.56786703601108,0.0,0.0,0.0,0.0,0.0,0.0,0.0,0.0,194.33947368421053,0.0,0.0,0.0,0.0
171.74186046511628,33.28780707685373,3.967177007789417,0.0,0.0,0.0,0.0,45.65625965996909,47.62147348057392,63.10531937620166,11.024707023960588,0.0,0.0,31.862366519253587,9.58704400882773,26.72541391477427,46.011838006230526,269.0309653916211,0.0,0.0,0.0,131.05412599822537,32.94256719081075,50.96549344375431,0.0,0.0,9.25049322017975,0.0,0.0,230.41809672386896,0.0,0.0,0.0,54.08202123764189,44.723088569265705,49.05280637661907,0.0,0.0,0.0,10.265003301247525,0.0,0.0,0.0,220.93941660433808,0.0,122.87687188019967,168.12521343198634,0.0,0.0,68.68077191350848,54.86552748885587,161.68363437328955,0.0,239.18704453441296,4.608361934477379,42.97294151876637,238.03062046736503,55.85101153337115,0.0,0.0,0.0,118.49017248295226,0.0,0.0,8.805699636320277,16.126876671944096,17.343588539220292,0.0,0.0
0.0,0.0,0.0,37.79859245041587,39.730464021519836,193.82939632545933,54.65235892691952,0.0,231.13928012519563,0.0,0.0,96.88291243030501,71.55910852713178,0.0,0.0,0.0,0.0,0.0,0.0,0.0,0.0,0.0,0.0,0.0,0.0,0.0,0.0,0.0,0.0,0.0,0.0,291.89328063241106,94.55697823303457,96.3457273320287,0.0,0.0,27.710694183864916,0.0,0.0,0.0,0.0,0.0,243.12427983539095,0.0,31.841759189393123,0.0,0.0,0.0,0.0,0.0,0.0,0.0,0.0,0.0,0.0,0.0,0.0,0.0,0.0,0.0,23.1719485409476,40.021135347513884,0.0,0.0,205.85087108013937,0.0,0.0,0.0,0.0
0.0,0.0,0.0,44.3005398920216,3.8356143038927986,11.027176347618337,11.912570068959955,0.0,168.41277080957812,0.0,0.0,6.335163421120357,12.314323828580957,0.0,0.0,0.0,0.0,0.0,0.0,0.0,0.0,0.0,0.0,0.0,91.59565891472869,0.0,0.0,0.0,0.0,0.0,0.0,121.36236647493837,57.864054848188054,190.0875160875161,0.0,0.0,25.650920458492532,64.95074758135443,0.0,0.0,0.0,0.0,73.29925558312655,0.0,18.199494793912883,0.0,0.0,0.0,0.0,0.0,0.0,0.0,0.0,222.94037735849057,0.0,0.0,0.0,0.0,130.4176600441501,226.87864823348696,34.64242992846253,48.57687880282848,0.0,181.44717444717443,0.0,0.0,0.0,0.0,69.93276515151516
0.0,0.0,0.0,240.74653626731867,11.5078888932175,9.221327339701567,62.42519019442096,0.0,0.0,0.0,0.0,15.188235899017945,58.51743264659271,0.0,0.0,0.0,0.0,0.0,0.0,0.0,0.0,0.0,0.0,0.0,60.531967213114754,0.0,0.0,0.0,0.0,0.0,0.0,0.0,281.59771210676837,0.0,0.0,0.0,116.61902881958153,68.56917363045497,0.0,0.0,0.0,0.0,0.0,0.0,51.27512584620725,0.0,0.0,0.0,0.0,0.0,0.0,0.0,0.0,0.0,0.0,0.0,0.0,0.0,0.0,0.0,139.3377358490566,197.98659517426273,0.0,151.17502558853633,0.0,0.0,0.0,0.0,184.27698066126013
0.0,0.0,0.0,39.125298013245036,9.886408514341175,47.4989548158868,1.4094262021318218,0.0,16.214513118893404,95.53557567917206,40.71619572708477,29.49535696455317,11.576439236587373,103.10506108202443,0.0,0.0,114.89537145079736,33.33664371967047,0.0,0.0,0.0,156.12896405919662,130.07309555262,0.0,285.40676328502417,0.0,0.0,0.0,0.0,93.15547146010722,34.99537969434901,9.959406608226567,6.96064847542297,14.118243081776036,0.0,0.0,14.668586751415235,201.63549488054608,0.0,213.90007241129615,22.414143713483572,32.269608914135894,6.176731348277015,53.416998191681735,30.847535505430244,34.26867749419954,54.8451541032306,0.0,0.0,0.0,0.0,289.8881256133464,39.82688418498045,16.86724147775938,0.0,0.0,58.61031746031746,59.04377373575854,13.67067752684191,13.946931067044382,11.758926794315514,8.530553309460553,0.0,0.0,43.99046909903202,134.20990458882326,0.0,43.60732211396516,15.046658516707417
51.382153417985734,0.0,46.322095029010505,0.0,0.0,0.0,0.0,14.07384820620325,0.0,0.0,133.24131709517366,0.0,0.0,25.351527634740815,11.321758460771914,65.46897163120568,0.0,0.0,0.0,0.0,0.0,173.86462625073574,66.15811870100784,76.46803002847528,0.0,0.0,73.99699398797596,0.0,0.0,160.5413043478261,0.0,0.0,0.0,0.0,27.290835181079082,12.766152383421929,0.0,0.0,0.0,170.55196304849883,0.0,0.0,0.0,0.0,0.0,181.2245398773006,0.0,0.0,0.0,59.34029730815588,140.13092979127134,122.82577962577963,0.0,0.0,12.950284962735642,10.598686807075454,274.53159851301115,146.30807330361566,0.0,0.0,0.0,0.0,0.0,0.0,289.60392156862747,123.80385582564962,58.62194879936495,0.0,0.0
0.0,0.0,38.278605675780746,0.0,132.88169140800719,0.0,13.673841596074618,0.0,2.4543316965361384,10.030083868119927,3.865984373568559,0.0,127.65600691443387,41.82894364202775,137.3296141329614,0.0,20.0065018625127,8.112377447614863,0.0,0.0,0.0,56.298075090527924,44.10212003583159,98.00796284007963,0.0,0.0,42.15125570776256,0.0,0.0,41.49985951109862,141.00047732696896,35.41069287940542,11.590520285647022,9.374972230156462,127.05204301075268,122.67275747508306,103.177086971708,0.0,0.0,33.887346564184924,9.560978767477991,14.545794760685444,11.840942798733314,22.388661512808852,183.9327521793275,12.47870902331869,15.327729348277293,0.0,0.0,0.0,230.05919003115264,126.83383426363245,34.79340400471143,8.20886480477977,49.26551034022682,0.0,32.70549158547387,17.999878130522212,110.59378509921378,52.69282911166607,50.17767963308986,25.152929155313352,0.0,0.0,6.24595086057428,24.023747560182173,282.13562559694367,0.0,128.9938864628821
0.0,0.0,59.95453622894256,0.0,0.0,0.0,102.35481635481635,0.0,11.750507180078761,33.60209304970993,18.000975015234612,0.0,0.0,241.92956592956594,282.9463601532567,0.0,114.05250965250966,48.2515517804639,0.0,0.0,0.0,0.0,229.16679596586502,0.0,0.0,0.0,86.52489748096075,0.0,0.0,291.0305418719212,0.0,223.27739984882842,64.18861364624077,30.30013334700995,0.0,0.0,0.0,0.0,0.0,63.44415807560137,43.77534084173088,69.16319363146805,65.71657397107897,132.82194244604315,0.0,64.63807439824946,95.81446642880312,0.0,0.0,0.0,0.0,0.0,187.67217280813216,25.49154297549189,88.28332337118948,0.0,166.60800902425268,88.33612440191388,0.0,0.0,147.7718859429715,66.81655733996833,0.0,0.0,15.736828085877152,112.1898974553741,0.0,0.0,0.0
73.57310087173101,168.60502283105023,11.530348569421133,0.0,277.10694183864916,0.0,31.63375455129578,142.8413926499033,4.153720681703133,20.55214638558408,1.1908824098561568,0.0,242.72473294987674,9.380033024260129,42.28399656455769,171.74186046511628,3.1946099689619,8.003576460387992,0.0,0.0,0.0,11.36094765585939,7.952724531552875,21.11177815894797,0.0,0.0,13.882043329103812,0.0,0.0,16.2591369440775,0.0,67.98527042577676,30.764007498437824,19.631554462683592,25.593138104314676,28.474648158858685,180.2294081757169,0.0,0.0,8.331810232977944,20.48231867979476,34.93330179754021,24.386691983819038,11.198574569717188,285.40676328502417,6.216769088307097,9.016146262552269,0.0,0.0,0.0,43.60732211396516,22.745514745514747,73.06356665842196,17.161215360483357,14.078543513487752,80.70928961748633,43.801304863582445,3.45569190814333,242.5254515599343,104.12266478674657,85.94588303753274,38.87300960652718,0.0,0.0,2.948829037474794,4.859925635879043,108.68138337012509,0.0,275.04283054003724
0.0,0.0,0.0,119.83610547667342,6.339105989398914,17.30295220243674,34.17748466967488,0.0,0.0,0.0,0.0,3.196338336020429,6.33462000343112,0.0,0.0,0.0,0.0,0.0,0.0,0.0,0.0,0.0,0.0,0.0,245.14190871369294,0.0,0.0,0.0,0.0,0.0,144.87297694948504,40.18993197278912,190.82428940568477,0.0,0.0,0.0,74.10837932764676,108.36243580337491,0.0,0.0,0.0,0.0,214.36574746008708,0.0,34.76064956460343,0.0,0.0,0.0,0.0,0.0,0.0,0.0,0.0,0.0,0.0,0.0,0.0,0.0,88.36254860903381,200.40434192672998,89.48682217509845,147.62418790604698,0.0,0.0,0.0,0.0,0.0,72.2239608801956,12.6502505246028
0.0,0.0,0.0,102.81796032022277,12.38765411389751,57.818751223331375,11.81442226932768,0.0,154.90089145254325,0.0,278.15065913371,6.606047052509169,3.431804451879734,0.0,0.0,0.0,0.0,210.54597291518175,0.0,0.0,0.0,0.0,0.0,0.0,0.0,0.0,0.0,0.0,0.0,230.59797033567526,98.86077643908969,22.029681557163098,70.14865827594396,103.5750350631136,0.0,0.0,43.199181047089795,0.0,0.0,0.0,183.9327521793275,165.2102908277405,69.05002337540907,0.0,47.552479072762395,199.45712356515867,0.0,0.0,0.0,0.0,0.0,0.0,142.77235379410342,226.70452801227935,0.0,0.0,150.48191543555782,0.0,29.8802346752984,97.8780649436713,47.552479072762395,69.81706452375325,0.0,0.0,0.0,0.0,0.0,46.56305170239597,6.031320824060273
4.012987365847032,0.0,33.29155866110673,0.0,0.0,0.0,93.71700507614213,24.453311258278145,44.53429820594,268.05444646098005,8.99884238103942,0.0,0.0,1.0,14.820188641380694,75.31769505354411,11.854723493057227,33.590629974982946,0.0,0.0,0.0,7.375496242291079,2.331110567476069,5.399206740874779,0.0,0.0,13.634710362335564,0.0,0.0,7.844176536194168,268.5418181818182,50.16915760869565,247.60771165129924,213.7452966714906,5.913952231275902,3.137937261650573,0.0,0.0,0.0,16.842237299732027,71.64588891583799,61.837136277998745,86.22183304144775,26.13661298885153,0.0,9.13944494291637,20.45253756144845,0.0,0.0,65.74582684175384,17.72978812796351,6.243046749513907,44.57461898294854,70.88936885049196,11.281115142257017,6.044402610955372,19.84121440085975,4.782966321243523,0.0,241.1395918367347,0.0,0.0,0.0,0.0,29.247128712871287,5.2662768309206305,67.98527042577676,0.0,163.38274336283186
45.28529817568604,123.95971464540496,9.285678360367157,0.0,0.0,0.0,0.0,12.432491582491583,140.93320610687022,0.0,42.031303357996585,0.0,0.0,17.395677521936282,4.195250809521104,16.488752442087637,135.37855178735106,0.0,0.0,0.0,0.0,107.06632837984777,55.85101153337115,60.02763665921561,0.0,0.0,25.72687685072287,0.0,0.0,99.59406608226568,0.0,0.0,0.0,267.0849909584087,23.246714409380655,14.298659180018394,0.0,0.0,0.0,46.44591194968554,0.0,0.0,0.0,0.0,0.0,80.77549904293136,284.0346153846154,0.0,0.0,32.066435084672165,62.478003384094755,54.804452690166976,281.86641221374043,0.0,6.245554686343743,10.769084943492526,65.61439360284318,104.71322226160936,0.0,0.0,0.0,0.0,0.0,0.0,46.7620706031344,55.317602996254685,18.247837904620706,0.0,0.0
191.69110966904609,0.0,24.727607567386574,0.0,0.0,0.0,0.0,68.26808412294892,0.0,0.0,187.43401015228426,0.0,0.0,96.18886356235754,22.248700760714016,73.68321277126465,0.0,0.0,0.0,0.0,0.0,0.0,0.0,0.0,0.0,0.0,130.18774790656676,0.0,0.0,0.0,0.0,0.0,0.0,0.0,244.12892561983472,79.4716168953457,0.0,0.0,0.0,168.02957906712172,0.0,0.0,0.0,0.0,0.0,0.0,0.0,0.0,0.0,106.25755395683453,0.0,194.33947368421053,0.0,0.0,54.63214351766229,50.89524465885596,260.49029982363317,0.0,0.0,0.0,0.0,0.0,0.0,0.0,138.22929340196538,278.6754716981132,121.36236647493837,0.0,0.0
94.67820512820512,0.0,43.00422186635609,0.0,0.0,0.0,102.46132500867152,0.0,19.4967988911623,112.83269671504965,2.75045391484092,0.0,0.0,13.111811443028985,136.25276752767527,0.0,6.7655169254729515,23.045404899360275,0.0,0.0,0.0,16.58689426694368,11.164713886159197,32.11524244400957,0.0,0.0,32.95359214636323,0.0,0.0,38.58863487916395,0.0,179.90012180267965,153.13426645930534,104.45403111739745,47.19539862597859,45.904584304584304,0.0,0.0,0.0,14.850736514001307,77.32879581151832,125.59353741496598,94.34557649313318,26.014619110524,0.0,18.05047357164681,17.417216981132075,0.0,0.0,0.0,72.41873008090218,30.818570683359415,247.4003350083752,71.33446027529583,36.36090595765633,122.31718426501035,97.32981878088962,7.131379460190237,0.0,0.0,283.76176753121996,174.37780401416765,0.0,0.0,9.89170545491076,7.296070343567071,0.0,0.0,0.0
201.49795361527967,0.0,184.0473520249221,0.0,0.0,0.0,30.213357880740514,0.0,7.1448335913312695,45.5858024691358,11.193906551972413,0.0,252.2596071733561,28.963231689381313,0.0,0.0,23.56569605105704,9.398835470425404,0.0,0.0,0.0,29.90140702500253,26.730250656049225,92.45571205007825,0.0,0.0,115.66014095536414,0.0,0.0,26.125055275493057,295.1008991008991,53.90437956204379,40.89658036826803,44.961339421613395,106.37234425639178,87.96783799880882,0.0,0.0,0.0,87.06041850869437,15.896889462921106,21.134435143449952,23.89935275080906,12.940073593832135,0.0,6.222662256956879,12.411596638655462,0.0,0.0,0.0,258.6654991243433,59.150180216259514,56.15893536121673,17.224256559766765,98.04049120477929,210.54597291518175,26.78842840301079,10.183610852552832,236.88532477947072,115.97801334903808,138.61848897231346,82.12288017792605,0.0,0.0,11.83667254367687,41.66962900268021,0.0,0.0,179.7906269020085
0.0,0.0,0.0,0.0,0.0,0.0,0.0,0.0,0.0,0.0,0.0,0.0,0.0,0.0,0.0,0.0,0.0,0.0,0.0,0.0,0.0,0.0,0.0,0.0,0.0,0.0,0.0,0.0,0.0,0.0,0.0,0.0,0.0,0.0,0.0,0.0,0.0,0.0,0.0,0.0,0.0,0.0,0.0,0.0,0.0,0.0,0.0,0.0,0.0,0.0,0.0,0.0,0.0,0.0,0.0,0.0,0.0,0.0,0.0,0.0,0.0,0.0,0.0,0.0,0.0,0.0,0.0,0.0,0.0
0.0,0.0,0.0,0.0,0.0,0.0,0.0,0.0,0.0,0.0,0.0,0.0,0.0,0.0,0.0,0.0,0.0,0.0,0.0,0.0,0.0,0.0,0.0,0.0,0.0,0.0,0.0,0.0,0.0,0.0,0.0,0.0,0.0,0.0,0.0,0.0,0.0,0.0,0.0,0.0,0.0,0.0,0.0,0.0,0.0,0.0,0.0,0.0,0.0,0.0,0.0,0.0,0.0,0.0,0.0,0.0,0.0,0.0,0.0,0.0,0.0,0.0,0.0,0.0,0.0,0.0,0.0,0.0,0.0
0.0,0.0,0.0,0.0,0.0,0.0,0.0,0.0,0.0,0.0,0.0,0.0,0.0,0.0,0.0,0.0,0.0,0.0,0.0,0.0,9.981955192106241,0.0,0.0,0.0,0.0,0.0,0.0,0.0,0.0,0.0,0.0,0.0,0.0,0.0,0.0,0.0,0.0,0.0,0.0,0.0,0.0,0.0,0.0,0.0,0.0,0.0,0.0,0.0,0.0,0.0,0.0,0.0,0.0,0.0,0.0,0.0,0.0,0.0,0.0,0.0,0.0,0.0,0.0,0.0,0.0,0.0,0.0,0.0,0.0
35.12855274111072,0.0,111.05112781954887,0.0,0.0,0.0,151.8745501285347,165.30274202574148,60.54437384709981,0.0,11.675731225296442,0.0,0.0,6.00471602227914,82.46677833612507,0.0,15.939779840276278,33.491609977324266,0.0,0.0,0.0,8.077549904293136,10.587670250896057,30.815355727102023,0.0,0.0,59.316465863453814,0.0,0.0,13.941665093449123,0.0,79.32223415682063,0.0,241.53393295175798,33.224159262175235,18.795876813438532,0.0,0.0,0.0,53.72790105492906,77.18735301802978,73.71999001746943,137.71375291375293,27.870176431738845,0.0,8.999390689739215,17.98344088639961,0.0,0.0,0.0,88.46840371368673,8.838898862956313,73.73839241138293,106.02871500358937,49.10172872340426,45.557680444170266,35.598457459628825,8.041487450318506,0.0,245.34551495016612,0.0,0.0,0.0,0.0,43.90546967895363,23.839560971672988,0.0,0.0,272.50553505535055
12.184795611104237,0.0,32.64765694076039,0.0,0.0,0.0,109.89434523809524,70.38265427686443,45.98318804483188,250.33559322033898,7.479137127810411,0.0,0.0,2.326026016567451,51.41792863359443,277.6278195488722,9.39584592385254,31.100863339650452,0.0,0.0,0.0,11.652242515088162,3.135971803473608,8.64185828798783,0.0,0.0,16.075972789115646,0.0,0.0,20.613817166782972,0.0,137.77798507462686,260.7202118270079,138.35878220140515,10.996389085359045,11.812532490902548,0.0,0.0,0.0,11.08219846182705,98.20345744680851,172.54439252336448,139.20640904806785,35.658619024625786,0.0,15.468188720741479,18.978220366206234,0.0,0.0,257.537925021796,23.42739313188992,13.131045519203415,158.55931293612454,91.70940701645452,15.61784921222375,27.89913109180204,81.87250554323725,6.798996478468019,0.0,0.0,0.0,271.50367647058823,0.0,0.0,26.718162083936324,5.121112305398564,115.75078369905957,0.0,0.0
35.619920414807666,0.0,57.58206627680312,0.0,0.0,0.0,263.982126899017,82.65137101287074,101.30178326474623,0.0,21.009672830725464,0.0,0.0,5.604811778992107,63.98007364089236,0.0,24.57333000582314,85.12853025936599,0.0,0.0,0.0,29.94991381932475,7.572897172302407,14.065136653652033,0.0,0.0,25.50915371329879,0.0,0.0,43.230791745938824,0.0,0.0,0.0,0.0,18.063719195254695,16.244830620325562,0.0,0.0,0.0,24.469516235917826,217.84365781710915,0.0,0.0,81.96337402885682,0.0,40.11352525801195,52.90990506895934,0.0,0.0,0.0,33.19056179775281,40.42090859332239,0.0,209.94740582800284,22.371705543774613,40.244686648501364,171.44283226929772,15.808412715401905,0.0,0.0,0.0,0.0,0.0,0.0,64.09112605771317,13.801616595804326,190.45519019987105,0.0,0.0
0.0,0.0,0.0,0.0,89.27047446358416,52.862562634216175,0.0,0.0,0.0,0.0,0.0,205.85087108013937,0.0,0.0,0.0,0.0,0.0,0.0,0.0,0.0,0.0,0.0,0.0,0.0,31.415080293523342,0.0,0.0,0.0,0.0,0.0,0.0,0.0,0.0,0.0,0.0,0.0,194.7237969676994,94.52672,0.0,0.0,0.0,0.0,0.0,0.0,118.58530710558009,0.0,0.0,0.0,0.0,0.0,0.0,0.0,0.0,0.0,0.0,0.0,0.0,0.0,0.0,0.0,208.46577275935073,236.3168,0.0,77.10676063690943,0.0,0.0,0.0,0.0,0.0
0.0,0.0,0.0,0.0,0.0,0.0,0.0,0.0,0.0,0.0,0.0,0.0,0.0,0.0,0.0,0.0,0.0,0.0,0.0,0.0,0.0,0.0,0.0,0.0,0.0,0.0,0.0,0.0,0.0,0.0,0.0,0.0,0.0,0.0,0.0,0.0,0.0,0.0,0.0,0.0,0.0,0.0,0.0,0.0,0.0,0.0,0.0,0.0,0.0,0.0,0.0,0.0,0.0,0.0,0.0,0.0,0.0,0.0,0.0,0.0,0.0,0.0,0.0,0.0,0.0,0.0,0.0,0.0,0.0
99.15944947969118,123.23571130579892,8.167556059391158,0.0,0.0,0.0,0.0,74.68925410872313,48.46529942575882,85.87093023255814,12.193849329205367,0.0,0.0,15.796577540106952,26.888403422537774,109.64959168522643,31.83146551724138,103.8298769771529,0.0,0.0,0.0,76.30999741668819,17.436751077268166,25.238892686261106,0.0,0.0,13.590172984909827,0.0,0.0,158.55931293612454,0.0,0.0,0.0,78.98288770053476,15.08738955002809,20.95452933248209,0.0,0.0,0.0,11.393373703089443,0.0,0.0,0.0,139.40349221330817,0.0,50.41747738521932,86.37309941520468,0.0,0.0,185.78364779874215,48.024061128271825,100.81774744027304,0.0,284.5818882466281,7.901457803932058,49.780249410178634,0.0,31.163202869501003,0.0,0.0,0.0,130.70619469026548,0.0,0.0,15.126017717241027,12.899388646288209,65.74582684175384,0.0,0.0
0.0,0.0,0.0,0.0,0.0,0.0,0.0,0.0,0.0,0.0,0.0,0.0,0.0,0.0,0.0,0.0,0.0,0.0,0.0,0.0,0.0,0.0,0.0,0.0,0.0,0.0,0.0,0.0,0.0,0.0,0.0,0.0,0.0,0.0,0.0,0.0,0.0,0.0,0.0,0.0,0.0,0.0,0.0,0.0,0.0,0.0,0.0,0.0,0.0,0.0,0.0,0.0,0.0,0.0,0.0,0.0,0.0,0.0,0.0,0.0,0.0,0.0,0.0,0.0,0.0,0.0,0.0,0.0,0.0
0.0,0.0,0.0,0.0,0.0,0.0,0.0,0.0,0.0,0.0,0.0,0.0,0.0,0.0,0.0,0.0,0.0,0.0,0.0,0.0,0.0,0.0,0.0,0.0,0.0,0.0,0.0,0.0,0.0,0.0,0.0,0.0,0.0,0.0,0.0,0.0,0.0,0.0,0.0,0.0,0.0,0.0,0.0,0.0,0.0,0.0,0.0,0.0,0.0,0.0,0.0,0.0,0.0,0.0,0.0,0.0,0.0,0.0,0.0,0.0,0.0,0.0,0.0,0.0,0.0,0.0,0.0,0.0,0.0
46.51173043615179,0.0,200.13279132791328,0.0,0.0,0.0,98.36696636696637,159.58725013506213,51.7875175315568,0.0,17.13433874709977,0.0,0.0,6.477982456140351,93.95547073791349,250.12362404741745,31.572894399315945,26.118125552608312,0.0,0.0,0.0,10.42991314172728,17.52883930690719,43.041818446743406,0.0,0.0,114.85069984447901,0.0,0.0,6.9739594399981115,113.43932411674348,25.469563717882394,235.0007955449483,216.24890190336748,52.96682804375112,21.030613697849923,0.0,0.0,0.0,142.77235379410342,72.84734895191121,43.80780068218893,90.05975609756098,18.2805866699672,0.0,5.492469599494255,9.138031306069418,0.0,0.0,0.0,148.8891129032258,10.747535019101328,27.36922079125359,79.70750134916352,86.39836209417959,44.8589217919514,14.562287404486073,11.492219109866168,231.32028191072828,178.4870090634441,0.0,0.0,0.0,0.0,62.175541991159754,49.89797297297297,0.0,204.14374568071872,81.48855172413793
0.0,0.0,0.0,0.0,0.0,0.0,43.56873156342183,0.0,165.85962942167322,0.0,0.0,125.9147485080989,86.04602388581415,243.72607260726073,0.0,0.0,0.0,236.69551282051282,0.0,0.0,0.0,0.0,0.0,0.0,0.0,0.0,0.0,0.0,0.0,106.95003620564808,47.89946489378953,16.24661753382466,118.87162977867203,154.4958158995816,0.0,0.0,0.0,0.0,0.0,0.0,102.92543554006969,62.86358799744627,128.48890822096564,270.0146252285192,0.0,80.31430125067972,221.10479041916167,0.0,0.0,0.0,0.0,0.0,50.0671186440678,149.18989898989898,0.0,0.0,62.53090601185436,0.0,43.846816090247884,61.50239433687279,272.0036832412523,105.34807417974322,0.0,0.0,0.0,0.0,0.0,31.0910430481002,21.93806164129224
282.6755980861244,0.0,0.0,0.0,106.449009009009,284.5818882466281,10.48135400773516,0.0,39.62919237993024,228.28129829984545,80.18349619978285,36.827826954245104,21.95110351489931,41.41839596186203,0.0,0.0,167.26840317100792,51.55253054101222,0.0,0.0,0.0,58.48267669768363,134.51548269581056,0.0,0.0,0.0,0.0,0.0,0.0,23.31276142372346,14.403939925882582,3.140005314908318,28.09281978126486,31.9347027027027,257.7626527050611,89.54107305244014,131.87321428571428,0.0,0.0,0.0,31.301896789233865,14.196952948526938,30.09944976564092,59.567654769106674,235.56299840510366,17.908214610488027,59.55564516129032,0.0,0.0,0.0,0.0,93.59822560202788,11.345675218927639,49.83904167369664,0.0,220.28038777032066,17.324262506597854,72.81143702243037,11.085525575111644,15.968214498080977,73.2084262701363,40.89658036826803,0.0,0.0,110.96769346356123,206.85994397759103,0.0,17.56114380833482,6.802127708568402
0.0,0.0,216.56598240469208,109.9352437662821,63.17279726261762,231.68313725490196,6.827755177514793,0.0,9.057615061478552,53.38803542382071,26.81761234679982,192.06501950585175,75.35612244897959,189.47787042976267,0.0,0.0,119.20742534301856,42.57653502450274,0.0,0.0,0.0,272.25437788018434,179.4629404617254,0.0,0.0,0.0,243.72607260726073,0.0,0.0,185.5502512562814,109.97617274758005,27.268162097295303,7.767446752563766,6.35738728074895,0.0,0.0,49.55477268914612,0.0,0.0,170.55196304849883,31.275383800952884,38.12545172947858,15.196049179484541,111.97725549658833,107.45580210985813,59.72422159320663,84.4954233409611,0.0,0.0,0.0,0.0,0.0,79.40752688172043,19.548408444179735,235.37529880478087,0.0,140.26400759734094,84.83515221137277,59.03197442046363,32.216817537354125,19.296838254507445,10.246132500867152,0.0,0.0,38.145144628099175,119.9821283509342,0.0,225.6653934300993,84.27845934379458
0.0,0.0,48.69699967029344,91.031124807396,128.15444685466377,0.0,15.856782435986903,0.0,9.527673848535672,27.448057981787773,18.06703363914373,0.0,92.92104435357031,164.6577480490524,269.0309653916211,0.0,99.72856178257933,42.01934566145093,0.0,0.0,0.0,187.3151553582752,152.5805785123967,0.0,0.0,0.0,76.21155830753354,0.0,0.0,158.30439442658093,137.07470997679815,34.40037265634098,9.038215586084508,4.8293360799123715,0.0,0.0,44.02324888226528,202.32602739726028,0.0,63.44415807560137,31.848625336927224,42.07320894459479,18.577196402741965,101.37131091283459,69.89966871746333,53.19575004502071,94.7693294834777,0.0,0.0,0.0,0.0,0.0,112.48895658796648,20.88637488510217,68.82479030754892,0.0,179.35397692774742,66.90736126840316,88.36254860903381,64.51102860886657,14.37380176147146,7.3909975729977235,0.0,0.0,12.336437669659636,91.1434742363468,0.0,276.0710280373832,96.2515477354187
23.22843437917748,0.0,45.599876505094166,0.0,0.0,0.0,0.0,25.279931536157466,141.00047732696896,0.0,26.861507683913796,0.0,0.0,5.975684259502762,23.305404339250494,200.94965986394558,43.7299777942265,112.27518053971873,0.0,0.0,0.0,33.71715557584751,9.73683169622256,15.579136121512578,0.0,0.0,14.6228404534429,0.0,0.0,58.97304851267718,0.0,277.6278195488722,0.0,0.0,8.4575256964526,7.109068155564112,0.0,0.0,0.0,24.455335706598227,0.0,0.0,0.0,114.6723602484472,0.0,44.10870539047335,74.4445564516129,0.0,0.0,106.06678635547576,34.145879089122644,46.97026554301161,0.0,0.0,10.161890673913792,9.449043567270168,175.7263533610946,18.500407089622346,0.0,0.0,0.0,0.0,0.0,0.0,65.30975016581915,18.305509078515215,73.53647000248942,0.0,0.0
10.650658013340545,0.0,46.10519744029967,0.0,0.0,0.0,0.0,11.321758460771914,155.14495798319328,0.0,30.3094602914016,0.0,0.0,3.3538381189186732,11.988960590933074,63.52602150537634,47.89946489378953,119.20742534301856,0.0,0.0,0.0,24.18899443170652,12.810998351981958,14.91447036251641,0.0,0.0,16.688096717699565,0.0,0.0,23.903220585855316,0.0,112.06221547799697,0.0,0.0,7.189174718294434,2.933950457877277,0.0,0.0,0.0,30.74799625273238,263.27629233511584,182.68150896722327,0.0,77.22771241830065,0.0,29.955988236487173,82.37479085331846,0.0,0.0,51.364284472265695,25.668752172401806,21.306693594922102,117.40699523052464,0.0,10.498862667045778,3.494073951408767,56.567598621217925,20.65128635346756,0.0,0.0,0.0,0.0,0.0,0.0,72.25929549902153,20.812795039808357,56.77416874879877,0.0,0.0
0.0,0.0,0.0,32.71635840070883,25.480548606917967,109.40592592592593,17.0709662505779,0.0,106.75677629201301,231.50156739811914,177.7352587244284,59.435814889336015,41.29102599944087,0.0,0.0,0.0,0.0,261.8758865248227,0.0,0.0,0.0,0.0,0.0,0.0,223.78484848484848,0.0,0.0,0.0,0.0,0.0,0.0,105.31051693404635,39.53372591006424,45.5858024691358,0.0,0.0,14.468847962382446,185.90056639395846,0.0,0.0,254.87144089732527,266.84372177055104,70.94044188280499,0.0,25.20443686006826,0.0,0.0,0.0,0.0,0.0,0.0,0.0,0.0,147.84584584584584,0.0,0.0,0.0,0.0,129.7873462214411,191.94022092267707,13.942323122669562,17.968126520681267,0.0,0.0,89.64977238239757,0.0,0.0,0.0,117.22063492063492
0.0,0.0,0.0,0.0,60.235725938009786,75.95680123425045,226.87864823348696,0.0,0.0,0.0,0.0,107.7694272163444,0.0,0.0,0.0,0.0,0.0,0.0,0.0,0.0,0.0,0.0,0.0,0.0,111.89242424242424,0.0,0.0,0.0,0.0,0.0,0.0,0.0,0.0,206.57062937062938,0.0,0.0,178.05666063893912,40.87394492873945,0.0,0.0,0.0,0.0,0.0,0.0,72.50760922925872,0.0,0.0,0.0,0.0,0.0,0.0,0.0,0.0,0.0,0.0,0.0,0.0,0.0,0.0,0.0,141.00047732696896,117.54715479506567,0.0,116.94220110847189,158.9860064585576,0.0,0.0,0.0,0.0
0.0,0.0,0.0,0.0,0.0,0.0,0.0,0.0,0.0,0.0,0.0,0.0,0.0,0.0,0.0,0.0,0.0,0.0,0.0,0.0,0.0,0.0,0.0,0.0,0.0,0.0,0.0,0.0,0.0,0.0,0.0,0.0,0.0,0.0,0.0,0.0,0.0,0.0,0.0,0.0,0.0,0.0,0.0,0.0,0.0,0.0,0.0,0.0,0.0,0.0,0.0,0.0,0.0,0.0,0.0,0.0,0.0,0.0,0.0,0.0,0.0,0.0,0.0,0.0,0.0,0.0,0.0,0.0,0.0
178.16405307599518,230.95856137607507,10.631109191679263,0.0,0.0,0.0,236.88532477947072,172.847279110591,38.46302083333333,75.8397946084724,6.484523861790403,0.0,0.0,15.920021557531662,48.94714167357084,175.41330166270785,15.08584852663296,71.99512551791372,0.0,0.0,0.0,52.088873214600596,12.335407357915397,21.964160904156444,0.0,0.0,13.258943399613987,0.0,0.0,139.4693106704438,0.0,0.0,251.40085106382978,70.0156435174212,25.290753424657535,35.309108295481714,0.0,0.0,0.0,7.761936043303466,197.98659517426273,0.0,200.6766304347826,100.50901667233752,0.0,55.00856610800745,78.58366586858207,0.0,0.0,0.0,34.593746340320884,113.7450904890258,0.0,169.96317606444188,9.78424033652413,108.16404247528378,0.0,19.367689483346446,0.0,0.0,0.0,105.99067097237173,0.0,0.0,14.016417556346381,7.226459867407099,120.91526811297585,0.0,0.0
0.0,0.0,261.41238938053095,0.0,0.0,0.0,31.24230565838181,0.0,9.716654057432322,55.58825743319533,20.51076239411193,0.0,231.50156739811914,51.391092553931806,0.0,0.0,67.08971156029979,14.826883501480701,0.0,0.0,0.0,64.44066317626528,62.01889565399958,181.44717444717443,0.0,0.0,224.29460895975703,0.0,0.0,58.79697452229299,152.97566027964785,34.60185076724845,41.33146774870575,43.95119773843178,0.0,178.91944276196244,0.0,0.0,0.0,188.03055378739657,19.786723826110254,25.014480480989075,27.22042019904165,20.092232349340225,0.0,15.39723742507167,15.810104902590451,0.0,0.0,0.0,0.0,92.74599686028257,31.780096826250674,21.64707606624652,118.34775641025641,0.0,26.511936815652486,27.185348794404565,81.5560463832137,46.40942655145326,143.11821705426357,87.52474074074074,0.0,0.0,30.42183316168898,104.08597603946441,0.0,247.4003350083752,118.63293172690763
0.0,0.0,0.0,0.0,0.0,0.0,35.30066921606119,0.0,13.242894288532234,82.30593480078016,39.19278227411437,0.0,167.45804988662132,46.49708798992602,0.0,0.0,129.38939991239596,20.719365925510274,0.0,0.0,0.0,55.245184215447914,111.63869992441421,0.0,0.0,0.0,0.0,0.0,0.0,39.05804574904138,69.30924448615673,14.984832344138386,45.8191406855902,56.45948012232416,0.0,140.79885605338418,0.0,0.0,0.0,0.0,24.900615358678245,18.366971336193497,25.81230339042293,43.97737085008188,0.0,14.730763476786516,25.148646347692832,0.0,0.0,0.0,0.0,89.02833031946956,19.655066870716613,22.778840222085133,275.2991612301957,0.0,22.85285471143432,59.44777621251761,61.323645422462114,41.08428372739917,174.48080330773774,107.7694272163444,0.0,0.0,59.435814889336015,209.35223245924877,0.0,127.8217221981826,51.292932800833476
0.0,0.0,288.7546432062561,0.0,72.81143702243037,0.0,6.9724779304158995,0.0,11.908728079016328,45.71985760718155,28.548951386875423,250.5479219677693,68.01657840202625,75.35612244897959,0.0,0.0,74.4445564516129,20.127827745979832,0.0,0.0,0.0,109.85347712904425,97.10585141354372,264.4547896150403,0.0,0.0,272.7571560480148,0.0,0.0,76.40869115364718,136.12718894009217,28.821933847204605,17.36601998824221,19.087361075213234,0.0,239.9642567018684,100.37240910635406,0.0,0.0,188.51052967453734,18.793485176231073,22.496077983398067,12.541756888719059,43.2181419166057,288.7546432062561,25.94834855938159,26.37228818855459,0.0,0.0,0.0,0.0,196.40691489361703,33.25782481423103,18.803055378739657,221.10479041916167,0.0,53.52346439572386,44.777323025617704,46.81394611727417,38.67958622495745,53.51376811594203,29.33426017874876,0.0,0.0,42.19340094272247,114.09656237929703,0.0,185.2012539184953,75.76199025391126
155.96409714889123,0.0,167.079185520362,0.0,0.0,0.0,67.87591911764706,0.0,24.71726215379466,165.11794298490776,12.06338056928166,0.0,0.0,20.4186078661782,260.03169014084506,0.0,23.82033706959116,16.118077153925903,0.0,0.0,0.0,23.126595161669147,17.67039540587426,59.12650120096077,0.0,0.0,99.52695417789758,0.0,0.0,16.184308568923953,0.0,81.6011049723757,156.791932059448,124.32491582491582,84.6406876790831,63.621796252423,0.0,0.0,0.0,96.69263502454992,42.16930763740186,60.84366632337796,73.66483790523691,17.86057198137735,0.0,8.56741784854549,16.67208488542725,0.0,0.0,0.0,160.5413043478261,40.66015141087405,77.92033764178318,50.47778537252221,101.09377138945928,195.7561298873426,36.77739043824701,8.444469855064177,0.0,193.95666447800394,0.0,226.70452801227935,0.0,0.0,28.57380537821629,41.02152478822386,0.0,0.0,284.30798845043313
0.0,0.0,0.0,27.946641438032167,16.041924622569784,53.09058231488138,34.480681685537526,0.0,156.87519915029208,0.0,243.52514427040396,28.368001536540863,39.250066436353976,0.0,0.0,0.0,0.0,0.0,0.0,0.0,0.0,0.0,0.0,0.0,128.09887250650476,0.0,0.0,0.0,0.0,0.0,0.0,217.04335047759,80.75341716785128,71.38617689705171,0.0,0.0,23.164680050188206,75.01168105637379,0.0,0.0,0.0,0.0,186.13484562066793,0.0,9.956049882035726,0.0,0.0,0.0,0.0,0.0,0.0,0.0,0.0,0.0,0.0,0.0,0.0,0.0,207.44101123595505,0.0,23.69613348307396,33.427181170080345,0.0,201.63549488054608,122.52011613438407,0.0,0.0,0.0,128.21006944444446
48.11009771986971,0.0,114.0084909301428,0.0,0.0,0.0,34.5088785046729,175.7263533610946,12.663265743558966,76.5076405076405,7.015865475964279,283.76176753121996,226.53067484662577,8.09614646713808,72.4542555800834,0.0,16.118956673578523,6.870952735392631,0.0,0.0,0.0,7.808511763150938,14.021740162339203,41.75208480565371,0.0,0.0,49.62136737779271,0.0,0.0,4.82381566699871,99.86342123056119,19.421170282708744,71.94252313687286,60.12538164054549,48.66490939044481,25.050542740841248,0.0,0.0,0.0,55.03931432830259,17.009040133586687,16.950479141561946,29.834966165033833,7.543502132332287,0.0,3.3741804308592056,5.451921302277509,0.0,0.0,0.0,114.36159504452188,12.183790472262322,18.851052967453732,22.91312441824387,45.79073011936134,55.988627748294164,10.864141228392791,5.503111144230411,89.92267884322679,61.438435940099836,192.31510416666666,116.20613690007868,0.0,0.0,17.20719986019689,30.84109417414909,0.0,176.98981426003596,68.52145673857574
146.5985111662531,0.0,107.49490538573508,0.0,0.0,0.0,42.001421868334994,0.0,13.950883158590724,88.6010797840432,7.8577394727741865,0.0,0.0,19.729895805503606,252.90753424657535,0.0,11.997725518866009,12.655128095278897,0.0,0.0,0.0,18.967253114164635,20.628212290502795,67.07447774750227,0.0,0.0,63.29462181272766,0.0,0.0,9.878473731732601,0.0,69.61960876738156,86.09618187117458,83.51597398925644,77.94089709762532,65.57069922308546,0.0,0.0,0.0,62.636980491942325,19.715410798905427,34.54923976608187,36.405718511215184,17.83899993960988,0.0,6.032306152872225,15.90031219722252,0.0,0.0,0.0,164.47438752783964,35.97126156843643,80.37986394557824,20.984300632236984,85.12853025936599,168.12521343198634,36.1208119344583,8.622183304144775,0.0,173.86462625073574,0.0,150.94328053142564,0.0,0.0,14.460348541217936,23.14652875724808,0.0,0.0,252.47521367521367
0.0,0.0,0.0,0.0,0.0,0.0,0.0,0.0,0.0,0.0,0.0,0.0,0.0,0.0,0.0,0.0,0.0,0.0,0.0,0.0,0.0,0.0,0.0,0.0,0.0,0.0,0.0,0.0,0.0,0.0,0.0,0.0,0.0,0.0,0.0,0.0,0.0,0.0,0.0,0.0,0.0,0.0,0.0,0.0,0.0,0.0,0.0,0.0,0.0,0.0,0.0,0.0,0.0,0.0,0.0,0.0,0.0,0.0,0.0,0.0,0.0,0.0,0.0,0.0,0.0,0.0,0.0,0.0,0.0
0.0,0.0,0.0,0.0,0.0,0.0,0.0,0.0,0.0,0.0,0.0,0.0,0.0,0.0,0.0,0.0,0.0,0.0,0.0,0.0,0.0,0.0,0.0,0.0,0.0,0.0,0.0,0.0,0.0,0.0,0.0,0.0,0.0,0.0,0.0,0.0,0.0,0.0,0.0,0.0,0.0,0.0,0.0,0.0,0.0,0.0,0.0,0.0,25.290753424657535,0.0,0.0,0.0,0.0,0.0,0.0,0.0,0.0,0.0,0.0,0.0,0.0,0.0,0.0,0.0,0.0,0.0,0.0,0.0,0.0
161.50683433570256,0.0,91.34075448361163,0.0,0.0,0.0,0.0,54.13157412497709,0.0,0.0,0.0,0.0,0.0,67.33439708228858,38.98073370282396,157.54453333333333,0.0,0.0,0.0,0.0,0.0,0.0,252.90753424657535,0.0,0.0,0.0,163.29242675511333,0.0,0.0,0.0,0.0,0.0,0.0,0.0,98.36696636696637,52.90042979942693,0.0,0.0,0.0,0.0,0.0,0.0,0.0,0.0,0.0,0.0,0.0,0.0,0.0,73.24473096950162,0.0,180.6703363914373,0.0,0.0,36.82323610072301,39.72512103281334,0.0,0.0,0.0,0.0,0.0,0.0,0.0,0.0,0.0,0.0,156.9585547290117,0.0,0.0
185.31744040150565,0.0,65.32419283502875,0.0,0.0,0.0,0.0,138.1646398503274,212.6681065514759,0.0,43.09204959883297,0.0,0.0,20.490843507214205,69.42326674500588,0.0,71.33446027529583,262.80782918149464,0.0,0.0,0.0,116.80347963621985,25.185096768692983,36.855396132252025,0.0,0.0,45.37572964669739,0.0,0.0,244.33085194375516,0.0,0.0,0.0,0.0,27.522221186993384,26.998994607439904,0.0,0.0,0.0,34.32043685372371,0.0,0.0,0.0,272.7571560480148,0.0,129.27614879649892,164.20011117287382,0.0,0.0,0.0,47.544825366167714,160.19305856832972,0.0,0.0,23.470204989671064,62.49122064734504,0.0,54.916527235545644,0.0,0.0,0.0,0.0,0.0,0.0,110.80120030007502,33.227896512935885,190.9476405946994,0.0,0.0
26.360521149384258,0.0,147.18285999003487,0.0,0.0,0.0,190.9476405946994,163.83582917359956,132.22739480752014,0.0,23.349616631096357,0.0,0.0,7.495648202187318,54.57158692037687,204.14374568071872,27.465922826592283,63.430534678977885,0.0,0.0,0.0,9.56624243013051,13.904914328751648,47.73691014867485,0.0,0.0,87.81093935790726,0.0,0.0,7.216749731261604,0.0,63.348917006219175,0.0,0.0,52.76813147552697,29.49241214057508,0.0,0.0,0.0,151.95267489711935,92.80427269871191,63.8694054054054,176.0405244338498,39.032241014799155,0.0,10.941808349075822,34.658688255309166,0.0,0.0,209.79829545454547,174.7905325443787,6.367390929470599,58.587068623562075,124.22035323801514,85.67169373549883,39.972395128552094,16.69375529810681,8.85426533181464,0.0,249.27932489451476,0.0,0.0,0.0,0.0,85.74629898403484,53.73767509550664,0.0,0.0,210.99714285714285
0.0,0.0,0.0,0.0,0.0,0.0,40.01029391846133,0.0,35.693088448525856,205.99442119944212,90.2799511002445,243.52514427040396,136.6308973172988,37.10538877025499,0.0,0.0,211.1479628305933,54.87571985881479,0.0,0.0,0.0,63.17279726261762,139.79933743492666,0.0,0.0,0.0,0.0,0.0,0.0,26.846859947287104,44.14166168559474,10.831872685270067,93.86590403558945,123.80385582564962,283.76176753121996,99.99864590385917,0.0,0.0,0.0,0.0,32.39346419563549,20.975360363558902,35.33022365745724,64.44066317626528,0.0,18.679398001770583,76.5076405076405,0.0,0.0,0.0,0.0,93.24368686868686,16.00195016251354,42.04925266903915,0.0,0.0,17.45426613093831,72.81143702243037,83.70529895154435,60.05204309819069,289.03718199608613,188.03055378739657,0.0,0.0,131.05412599822537,228.28129829984545,0.0,70.80441035474593,33.537238873751136
0.0,0.0,225.83792048929664,0.0,242.72473294987674,0.0,21.03960113960114,0.0,7.366116403171912,19.416064151439464,19.96998377501352,0.0,227.929012345679,62.37246621621622,0.0,0.0,59.483689085783325,13.937718222138342,0.0,0.0,0.0,104.49097983728333,85.12853025936599,249.91201353637902,0.0,0.0,232.7785657998424,0.0,0.0,88.57451274362819,187.3151553582752,53.339833875045144,28.45270660759006,27.316071758831146,0.0,257.7626527050611,268.78616924476796,0.0,0.0,170.8478889531521,15.599704267004647,19.086127802545715,23.967221095334686,40.244686648501364,0.0,19.78009910271863,16.18963060396799,0.0,0.0,0.0,0.0,158.38927613941019,37.04954220494168,13.925234525998208,192.8172323759791,0.0,44.12847325963549,37.702105934907465,125.59353741496598,85.15307004900548,94.67820512820512,54.04244420051226,0.0,0.0,28.72105007292173,90.44580526638089,0.0,0.0,159.2431266846361
84.9571469657751,106.41066282420749,4.496407696054554,0.0,0.0,0.0,0.0,13.453998906904719,56.64352828379674,91.11536088834053,13.021644258320476,0.0,0.0,12.65567027976522,6.370961480395117,51.57053072625698,39.20318513603185,105.23548272176701,0.0,0.0,0.0,57.48122202763184,16.643903538426866,20.275653785434827,0.0,0.0,8.190428658570399,0.0,0.0,115.88701451549628,0.0,0.0,0.0,76.78606706524565,9.1309696763624,11.372319538017324,0.0,0.0,0.0,10.746362048894063,168.41277080957812,0.0,0.0,141.94906295050455,0.0,46.78428888184986,91.65249767297549,0.0,0.0,39.08905650390366,20.9233602493271,76.58698470313715,0.0,188.39030612244898,1.7955238940419893,16.030607261084278,264.69175627240145,30.908862613790937,0.0,0.0,0.0,151.79650565262077,0.0,0.0,16.166593695271455,14.115544511874612,18.9575150815043,0.0,0.0
12.20140437835605,0.0,47.44555091551558,0.0,0.0,0.0,0.0,10.05980111701403,0.0,0.0,77.69489742240926,0.0,0.0,5.991805273833672,10.08246296675541,48.40176962149762,105.38565822333214,217.36276674025018,0.0,0.0,0.0,46.133999687646416,29.375099443118536,33.276557395516505,0.0,0.0,44.50745818894079,0.0,0.0,41.5874982401802,0.0,218.32668144863266,0.0,0.0,11.04945013840054,3.4888741909576226,0.0,0.0,0.0,99.59406608226568,0.0,234.25535289452816,0.0,240.74653626731867,0.0,53.78659868900218,169.37844036697248,0.0,0.0,42.39931103774939,67.12019995455579,35.59416797204482,0.0,0.0,15.215617595549604,2.4913425937639686,49.62970430107527,46.475141598489614,0.0,0.0,0.0,0.0,0.0,0.0,224.46504559270517,61.23466003316749,58.94951107563361,0.0,0.0
62.93054963783553,0.0,0.0,0.0,0.0,0.0,46.040523690773064,0.0,26.055923083708212,179.35397692774742,44.10870539047335,0.0,147.84584584584584,20.14704678761424,77.22771241830065,0.0,96.69263502454992,26.81517792302106,0.0,0.0,0.0,34.89616066154755,79.85834009191673,190.0875160875161,0.0,0.0,0.0,0.0,0.0,17.56009986921888,72.54322200392927,14.54866036249015,135.75183823529412,148.96419566313665,173.96702002355713,65.77510576708974,0.0,0.0,0.0,0.0,28.83881675290442,20.492265001734303,44.92031630170316,34.703477443609025,0.0,11.22453167154311,34.027876972699,0.0,0.0,0.0,0.0,23.03103071885233,15.146182638568426,38.750623114259476,274.53159851301115,60.235725938009786,11.41318290703964,41.482376070776574,125.75393784589187,96.09499024072869,0.0,227.57781201849,0.0,0.0,98.8938734516237,151.79650565262077,0.0,129.67339771729587,46.73987341772152
35.801236213792265,0.0,55.89328287606433,0.0,0.0,0.0,57.79612600273919,143.5354713313897,20.716459779788202,118.30036043251903,3.9649405385090333,0.0,0.0,4.445922759700189,87.60260972716489,0.0,7.151579711899286,12.542821960850919,0.0,0.0,0.0,7.803354906881522,5.038737739872068,14.367509727626459,0.0,0.0,25.659833217512162,0.0,0.0,11.439702579196034,0.0,81.17504809013465,114.14064914992272,79.02514713750669,18.666413902053712,17.06702103073723,0.0,0.0,0.0,20.76159685127917,42.02532365912648,79.79362506753107,67.61181048294804,16.45476827094474,0.0,6.04811531295428,8.723524895162718,0.0,0.0,0.0,38.007720020586724,8.504030400736987,79.364857603439,44.87936797326041,26.141238938053096,43.33225759131583,37.368247944339025,4.7541764573341485,241.33660130718954,179.57203647416412,0.0,158.9860064585576,0.0,0.0,12.484510375723765,8.992267884322679,242.5254515599343,0.0,253.1242502142245
0.0,0.0,0.0,0.0,83.37454134913915,0.0,14.060450283211956,0.0,123.75198994553833,0.0,250.5479219677693,69.09847953216374,21.933174933174932,292.7611496531219,0.0,0.0,0.0,261.41238938053095,0.0,0.0,0.0,0.0,0.0,0.0,0.0,0.0,0.0,0.0,0.0,236.69551282051282,41.00444197667962,12.622142460368329,61.605005213764336,89.97745964057265,0.0,0.0,126.34559452523524,0.0,0.0,0.0,67.21183162684869,52.758706911948565,52.664646104474954,209.94740582800284,182.68150896722327,91.48219262929699,236.50600480384307,0.0,0.0,0.0,0.0,0.0,84.15840455840456,104.89914772727273,0.0,0.0,159.58725013506213,233.3301737756714,15.419742130813802,28.146355407336827,67.82916188289323,60.371142448395666,0.0,0.0,0.0,0.0,0.0,23.329331859105988,15.814336955939826
0.0,0.0,0.0,0.0,168.60502283105023,0.0,14.250373872352743,0.0,58.84382470119522,0.0,126.39965768078733,214.2102973168963,85.07949308755761,184.6225,0.0,0.0,0.0,93.214263174503,0.0,0.0,0.0,187.3151553582752,0.0,0.0,0.0,0.0,0.0,0.0,0.0,175.41330166270785,60.96924664602683,15.129116517285532,36.34301181102362,63.567032494082206,0.0,0.0,239.5750202757502,0.0,0.0,0.0,46.336627450980394,34.89616066154755,40.448582774202386,134.14895549500454,0.0,57.14761075643258,136.31564374711581,0.0,0.0,0.0,0.0,0.0,58.252021297574444,97.16973684210527,0.0,0.0,94.1351179094965,162.57347275729225,28.262150784538843,19.450582735234082,109.00221402214022,65.39650210316582,0.0,0.0,211.1479628305933,0.0,0.0,102.56805555555556,39.639828234031135
0.0,0.0,238.4148506860371,24.100187647874684,35.844679043805364,144.87297694948504,14.530768852378376,0.0,43.199181047089795,109.52762328513163,70.7874430865085,82.05444444444444,46.38756281407035,0.0,0.0,0.0,267.32669683257916,107.49490538573508,0.0,0.0,0.0,0.0,0.0,0.0,284.0346153846154,0.0,281.86641221374043,0.0,0.0,0.0,231.32028191072828,57.68326498730717,13.727217807518937,16.026258680555557,0.0,0.0,15.302320762536262,182.56860321384426,0.0,243.72607260726073,84.37475007140817,121.46217105263158,36.9245,242.5254515599343,23.692332370869426,148.5148315736551,277.6278195488722,0.0,0.0,0.0,0.0,0.0,227.40261739799845,55.245184215447914,0.0,0.0,276.3292797006548,202.4647018505826,63.95237064299632,96.91469816272966,5.938443600104537,6.772652237710932,0.0,0.0,45.76235476374903,0.0,0.0,203.72137931034482,71.54177767013805
0.0,0.0,106.449009009009,41.40678441267171,45.599876505094166,189.7212588310854,8.623693583231155,0.0,20.351085084395454,61.133278145695364,33.18683294011909,131.11229471815358,66.92251925690984,272.50553505535055,0.0,0.0,158.30439442658093,81.35389699807216,0.0,0.0,0.0,0.0,225.83792048929664,0.0,0.0,0.0,121.16324856439705,0.0,0.0,259.11929824561406,89.18961352657004,34.658688255309166,8.078212596056554,8.240006694747413,0.0,0.0,19.028343210512755,137.39348837209303,0.0,97.81324503311258,51.10657439446367,68.06359447004608,18.577196402741965,149.0393541876892,35.33444976076555,82.69764837625979,123.4933110367893,0.0,0.0,0.0,0.0,0.0,144.87297694948504,28.66530810286269,157.71276027762949,0.0,175.30919881305638,111.68090737240075,56.126923807714235,50.59016954958041,7.728226460508071,5.542970802371838,0.0,0.0,20.74264447721368,132.94149414941495,0.0,159.6735135135135,63.40330543034986
0.0,0.0,0.0,0.0,0.0,0.0,0.0,0.0,0.0,0.0,0.0,0.0,0.0,0.0,0.0,0.0,0.0,0.0,0.0,0.0,0.0,0.0,0.0,0.0,0.0,0.0,0.0,0.0,0.0,0.0,0.0,0.0,0.0,0.0,0.0,0.0,0.0,0.0,0.0,0.0,0.0,0.0,0.0,0.0,0.0,0.0,0.0,0.0,0.0,0.0,0.0,0.0,0.0,0.0,0.0,0.0,0.0,0.0,0.0,0.0,0.0,0.0,0.0,225.6653934300993,0.0,0.0,0.0,0.0,0.0
0.0,0.0,0.0,0.0,148.58953722334005,130.01584507042253,0.0,0.0,0.0,0.0,0.0,0.0,0.0,0.0,0.0,0.0,0.0,0.0,0.0,0.0,0.0,0.0,0.0,0.0,67.47281863864778,0.0,0.0,0.0,0.0,0.0,0.0,0.0,0.0,0.0,0.0,0.0,0.0,99.02648340596714,0.0,0.0,0.0,0.0,0.0,0.0,185.31744040150565,0.0,0.0,0.0,0.0,0.0,0.0,0.0,0.0,0.0,0.0,0.0,0.0,0.0,0.0,0.0,272.0036832412523,268.78616924476796,241.33660130718954,27.30597152893326,0.0,0.0,0.0,0.0,0.0
232.41227380015735,159.5010799136069,8.717603659436328,267.5688405797101,0.0,0.0,64.18861364624077,235.56299840510366,6.702729686188197,20.09633308388326,2.7964367195857354,0.0,0.0,29.545509101820365,44.74341108754923,136.6308973172988,9.77097115639058,14.321535925530883,0.0,0.0,0.0,39.76255216045228,25.975729862820963,61.785400543819286,0.0,0.0,14.159524494295848,0.0,0.0,57.60452418096724,0.0,130.70619469026548,49.50494385788503,14.091303725611793,65.90718429272646,72.86531820424273,109.20369685767098,156.87519915029208,0.0,12.634019075317566,36.96146146146146,71.02572733830247,50.25450833616876,28.108859073175374,126.12980358667805,17.429549209346234,17.909300351643022,0.0,0.0,0.0,97.13778362380796,92.05235275786849,144.66013712047013,33.7441169750971,15.460902334345231,222.6043707611153,95.75235008103728,11.422892498066512,0.0,243.32454695222404,46.475141598489614,22.342939263293246,0.0,0.0,4.220063430383726,14.60548825710754,92.7751256281407,0.0,0.0
47.80644117171063,0.0,17.604052443384983,0.0,0.0,0.0,126.67066895368782,126.88831615120274,29.218199802176063,130.93794326241135,4.674727013768002,0.0,0.0,5.32513700605711,52.14404236540159,0.0,9.189199278292788,41.07857043526631,0.0,0.0,0.0,25.044171259008053,5.431770957836089,12.57914235830175,0.0,0.0,12.417857743400033,0.0,0.0,56.38404275625119,0.0,218.6498889711325,151.8745501285347,96.37716150081566,15.31819124662933,17.609299552906112,0.0,0.0,0.0,7.414930468397008,101.54554829838432,247.4003350083752,154.90089145254325,45.36179361179361,0.0,30.582461952583085,37.24104891578416,0.0,0.0,0.0,25.148646347692832,45.98318804483188,268.78616924476796,105.46090681899322,13.744463056020845,56.27662411887979,170.15898617511522,8.177504636934916,0.0,0.0,0.0,158.38927613941019,0.0,0.0,16.732525206752012,5.227507609542012,134.45425580336823,0.0,0.0
281.59771210676837,0.0,18.125790022703566,0.0,0.0,0.0,0.0,65.99553172475424,0.0,0.0,102.14246196403873,0.0,0.0,82.81356882534342,20.27287077070894,76.92604166666666,0.0,0.0,0.0,0.0,0.0,0.0,139.73320719016084,174.89402013025457,0.0,0.0,67.82916188289323,0.0,0.0,0.0,0.0,0.0,0.0,0.0,88.25694651927098,68.4896823556689,0.0,0.0,0.0,121.91333058192323,0.0,0.0,0.0,0.0,0.0,0.0,0.0,0.0,0.0,129.33274956217164,156.12896405919662,0.0,0.0,0.0,20.15942127891899,55.88270904275445,0.0,0.0,0.0,0.0,0.0,0.0,0.0,0.0,101.33653516295026,143.04891041162227,50.52095091499915,0.0,0.0
0.0,0.0,0.0,0.0,0.0,0.0,42.16930763740186,0.0,0.0,0.0,0.0,75.20264765784114,46.300313479623824,0.0,0.0,0.0,0.0,0.0,0.0,0.0,0.0,0.0,0.0,0.0,0.0,0.0,0.0,0.0,0.0,171.24405797101448,26.846859947287104,17.327311121539182,209.94740582800284,240.15934959349593,0.0,0.0,0.0,0.0,0.0,0.0,190.57806451612902,104.08597603946441,165.02569832402236,0.0,0.0,176.25059665871123,0.0,0.0,0.0,0.0,0.0,0.0,75.39458907605922,291.3175542406312,0.0,0.0,128.21006944444446,0.0,26.026079295154187,92.1960049937578,253.5587982832618,190.57806451612902,0.0,0.0,0.0,0.0,0.0,21.34826913348269,14.381499513145084
0.0,0.0,0.0,0.0,71.30002413709872,203.30075705437028,16.094366350659257,0.0,143.4657600777076,0.0,259.80299032541774,12.933841236481458,6.74404693956759,125.48683092608326,0.0,0.0,0.0,174.58392434988178,0.0,0.0,0.0,203.44077134986225,0.0,0.0,0.0,0.0,0.0,0.0,0.0,70.88936885049196,23.61278976818545,6.804321286250662,85.79610804530932,98.8938734516237,0.0,0.0,126.83383426363245,0.0,0.0,0.0,92.13849033063006,48.14146023468057,75.70374167093799,204.7096327096327,150.86618998978548,57.380730380730384,255.31201382886775,0.0,0.0,0.0,0.0,0.0,32.47894447498626,158.30439442658093,0.0,0.0,49.1098919368246,269.521897810219,17.08874233483744,38.781147433372716,74.29476861167002,65.30975016581915,0.0,0.0,0.0,0.0,0.0,12.714500925407824,6.484523861790403
